{
    "RMSE_val": 8271.26019865582,
    "MAE_val": 64.98117370809345,
    "R2_val": 0.9986028580683773,
    "RMSE_test": 7306.320606554043,
    "MAE_test": 61.89330390243086,
    "R2_test": 0.9987899292397115
}